{"cameraMode":{"drawMode":0,"name":"Shaded","section":"Shading Mode"},"sceneLighting":false,"audioPlay":false,"sceneViewState":{"showFog":true,"showMaterialUpdate":false,"showSkybox":true,"showFlares":true,"showImageEffects":true,"showParticleSystems":true},"in2DMode":false,"pivot":{"x":-55.21121597290039,"y":9.079999923706055,"z":73.8907470703125},"rotation":{"x":-0.22804784774780274,"y":0.09968883544206619,"z":-0.023479722440242769,"w":-0.9682484269142151},"size":4.673236846923828,"orthographic":false}